File_Number,Tube_Number,Subject_Number
1,1,1
2,2,1
3,3,1
4,4,1
5,5,1
6,6,1
7,7,1
8,8,1
9,1,2
10,2,2
11,3,2
12,4,2
13,5,2
14,6,2
15,7,2
16,8,2
17,1,3
18,2,3
19,3,3
20,4,3
21,5,3
22,6,3
23,7,3
24,8,3
25,1,4
26,2,4
27,3,4
28,4,4
29,5,4
30,6,4
31,7,4
32,8,4
33,1,5
34,2,5
35,3,5
36,4,5
37,5,5
38,6,5
39,7,5
40,8,5
41,1,6
42,2,6
43,3,6
44,4,6
45,5,6
46,6,6
47,7,6
48,8,6
49,1,7
50,2,7
51,3,7
52,4,7
53,5,7
54,6,7
55,7,7
56,8,7
57,1,8
58,2,8
59,3,8
60,4,8
61,5,8
62,6,8
63,7,8
64,8,8
65,1,9
66,2,9
67,3,9
68,4,9
69,5,9
70,6,9
71,7,9
72,8,9
73,1,10
74,2,10
75,3,10
76,4,10
77,5,10
78,6,10
79,7,10
80,8,10
81,1,11
82,2,11
83,3,11
84,4,11
85,5,11
86,6,11
87,7,11
88,8,11
89,1,12
90,2,12
91,3,12
92,4,12
93,5,12
94,6,12
95,7,12
96,8,12
97,1,13
98,2,13
99,3,13
100,4,13
101,5,13
102,6,13
103,7,13
104,8,13
105,1,14
106,2,14
107,3,14
108,4,14
109,5,14
110,6,14
111,7,14
112,8,14
113,1,15
114,2,15
115,3,15
116,4,15
117,5,15
118,6,15
119,7,15
120,8,15
121,1,16
122,2,16
123,3,16
124,4,16
125,5,16
126,6,16
127,7,16
128,8,16
129,1,17
130,2,17
131,3,17
132,4,17
133,5,17
134,6,17
135,7,17
136,8,17
137,1,18
138,2,18
139,3,18
140,4,18
141,5,18
142,6,18
143,7,18
144,8,18
145,1,19
146,2,19
147,3,19
148,4,19
149,5,19
150,6,19
151,7,19
152,8,19
153,1,20
154,2,20
155,3,20
156,4,20
157,5,20
158,6,20
159,7,20
160,8,20
161,1,21
162,2,21
163,3,21
164,4,21
165,5,21
166,6,21
167,7,21
168,8,21
169,1,22
170,2,22
171,3,22
172,4,22
173,5,22
174,6,22
175,7,22
176,8,22
177,1,23
178,2,23
179,3,23
180,4,23
181,5,23
182,6,23
183,7,23
184,8,23
185,1,24
186,2,24
187,3,24
188,4,24
189,5,24
190,6,24
191,7,24
192,8,24
193,1,25
194,2,25
195,3,25
196,4,25
197,5,25
198,6,25
199,7,25
200,8,25
201,1,26
202,2,26
203,3,26
204,4,26
205,5,26
206,6,26
207,7,26
208,8,26
209,1,27
210,2,27
211,3,27
212,4,27
213,5,27
214,6,27
215,7,27
216,8,27
217,1,28
218,2,28
219,3,28
220,4,28
221,5,28
222,6,28
223,7,28
224,8,28
225,1,29
226,2,29
227,3,29
228,4,29
229,5,29
230,6,29
231,7,29
232,8,29
233,1,30
234,2,30
235,3,30
236,4,30
237,5,30
238,6,30
239,7,30
240,8,30
241,1,31
242,2,31
243,3,31
244,4,31
245,5,31
246,6,31
247,7,31
248,8,31
249,1,32
250,2,32
251,3,32
252,4,32
253,5,32
254,6,32
255,7,32
256,8,32
257,1,33
258,2,33
259,3,33
260,4,33
261,5,33
262,6,33
263,7,33
264,8,33
265,1,34
266,2,34
267,3,34
268,4,34
269,5,34
270,6,34
271,7,34
272,8,34
273,1,35
274,2,35
275,3,35
276,4,35
277,5,35
278,6,35
279,7,35
280,8,35
281,1,36
282,2,36
283,3,36
284,4,36
285,5,36
286,6,36
287,7,36
288,8,36
289,1,37
290,2,37
291,3,37
292,4,37
293,5,37
294,6,37
295,7,37
296,8,37
297,1,38
298,2,38
299,3,38
300,4,38
301,5,38
302,6,38
303,7,38
304,8,38
305,1,39
306,2,39
307,3,39
308,4,39
309,5,39
310,6,39
311,7,39
312,8,39
313,1,40
314,2,40
315,3,40
316,4,40
317,5,40
318,6,40
319,7,40
320,8,40
321,1,41
322,2,41
323,3,41
324,4,41
325,5,41
326,6,41
327,7,41
328,8,41
329,1,42
330,2,42
331,3,42
332,4,42
333,5,42
334,6,42
335,7,42
336,8,42
337,1,43
338,2,43
339,3,43
340,4,43
341,5,43
342,6,43
343,7,43
344,8,43
345,1,44
346,2,44
347,3,44
348,4,44
349,5,44
350,6,44
351,7,44
352,8,44
353,1,45
354,2,45
355,3,45
356,4,45
357,5,45
358,6,45
359,7,45
360,8,45
361,1,46
362,2,46
363,3,46
364,4,46
365,5,46
366,6,46
367,7,46
368,8,46
369,1,47
370,2,47
371,3,47
372,4,47
373,5,47
374,6,47
375,7,47
376,8,47
377,1,48
378,2,48
379,3,48
380,4,48
381,5,48
382,6,48
383,7,48
384,8,48
385,1,49
386,2,49
387,3,49
388,4,49
389,5,49
390,6,49
391,7,49
392,8,49
393,1,50
394,2,50
395,3,50
396,4,50
397,5,50
398,6,50
399,7,50
400,8,50
401,1,51
402,2,51
403,3,51
404,4,51
405,5,51
406,6,51
407,7,51
408,8,51
409,1,52
410,2,52
411,3,52
412,4,52
413,5,52
414,6,52
415,7,52
416,8,52
417,1,53
418,2,53
419,3,53
420,4,53
421,5,53
422,6,53
423,7,53
424,8,53
425,1,54
426,2,54
427,3,54
428,4,54
429,5,54
430,6,54
431,7,54
432,8,54
433,1,55
434,2,55
435,3,55
436,4,55
437,5,55
438,6,55
439,7,55
440,8,55
441,1,56
442,2,56
443,3,56
444,4,56
445,5,56
446,6,56
447,7,56
448,8,56
449,1,57
450,2,57
451,3,57
452,4,57
453,5,57
454,6,57
455,7,57
456,8,57
457,1,58
458,2,58
459,3,58
460,4,58
461,5,58
462,6,58
463,7,58
464,8,58
465,1,59
466,2,59
467,3,59
468,4,59
469,5,59
470,6,59
471,7,59
472,8,59
473,1,60
474,2,60
475,3,60
476,4,60
477,5,60
478,6,60
479,7,60
480,8,60
481,1,61
482,2,61
483,3,61
484,4,61
485,5,61
486,6,61
487,7,61
488,8,61
489,1,62
490,2,62
491,3,62
492,4,62
493,5,62
494,6,62
495,7,62
496,8,62
497,1,63
498,2,63
499,3,63
500,4,63
501,5,63
502,6,63
503,7,63
504,8,63
505,1,64
506,2,64
507,3,64
508,4,64
509,5,64
510,6,64
511,7,64
512,8,64
513,1,65
514,2,65
515,3,65
516,4,65
517,5,65
518,6,65
519,7,65
520,8,65
521,1,66
522,2,66
523,3,66
524,4,66
525,5,66
526,6,66
527,7,66
528,8,66
529,1,67
530,2,67
531,3,67
532,4,67
533,5,67
534,6,67
535,7,67
536,8,67
537,1,68
538,2,68
539,3,68
540,4,68
541,5,68
542,6,68
543,7,68
544,8,68
545,1,69
546,2,69
547,3,69
548,4,69
549,5,69
550,6,69
551,7,69
552,8,69
553,1,70
554,2,70
555,3,70
556,4,70
557,5,70
558,6,70
559,7,70
560,8,70
561,1,71
562,2,71
563,3,71
564,4,71
565,5,71
566,6,71
567,7,71
568,8,71
569,1,72
570,2,72
571,3,72
572,4,72
573,5,72
574,6,72
575,7,72
576,8,72
577,1,73
578,2,73
579,3,73
580,4,73
581,5,73
582,6,73
583,7,73
584,8,73
585,1,74
586,2,74
587,3,74
588,4,74
589,5,74
590,6,74
591,7,74
592,8,74
593,1,75
594,2,75
595,3,75
596,4,75
597,5,75
598,6,75
599,7,75
600,8,75
601,1,76
602,2,76
603,3,76
604,4,76
605,5,76
606,6,76
607,7,76
608,8,76
609,1,77
610,2,77
611,3,77
612,4,77
613,5,77
614,6,77
615,7,77
616,8,77
617,1,78
618,2,78
619,3,78
620,4,78
621,5,78
622,6,78
623,7,78
624,8,78
625,1,79
626,2,79
627,3,79
628,4,79
629,5,79
630,6,79
631,7,79
632,8,79
633,1,80
634,2,80
635,3,80
636,4,80
637,5,80
638,6,80
639,7,80
640,8,80
641,1,81
642,2,81
643,3,81
644,4,81
645,5,81
646,6,81
647,7,81
648,8,81
649,1,82
650,2,82
651,3,82
652,4,82
653,5,82
654,6,82
655,7,82
656,8,82
657,1,83
658,2,83
659,3,83
660,4,83
661,5,83
662,6,83
663,7,83
664,8,83
665,1,84
666,2,84
667,3,84
668,4,84
669,5,84
670,6,84
671,7,84
672,8,84
673,1,85
674,2,85
675,3,85
676,4,85
677,5,85
678,6,85
679,7,85
680,8,85
681,1,86
682,2,86
683,3,86
684,4,86
685,5,86
686,6,86
687,7,86
688,8,86
689,1,87
690,2,87
691,3,87
692,4,87
693,5,87
694,6,87
695,7,87
696,8,87
697,1,88
698,2,88
699,3,88
700,4,88
701,5,88
702,6,88
703,7,88
704,8,88
705,1,89
706,2,89
707,3,89
708,4,89
709,5,89
710,6,89
711,7,89
712,8,89
713,1,90
714,2,90
715,3,90
716,4,90
717,5,90
718,6,90
719,7,90
720,8,90
721,1,91
722,2,91
723,3,91
724,4,91
725,5,91
726,6,91
727,7,91
728,8,91
729,1,92
730,2,92
731,3,92
732,4,92
733,5,92
734,6,92
735,7,92
736,8,92
737,1,93
738,2,93
739,3,93
740,4,93
741,5,93
742,6,93
743,7,93
744,8,93
745,1,94
746,2,94
747,3,94
748,4,94
749,5,94
750,6,94
751,7,94
752,8,94
753,1,95
754,2,95
755,3,95
756,4,95
757,5,95
758,6,95
759,7,95
760,8,95
761,1,96
762,2,96
763,3,96
764,4,96
765,5,96
766,6,96
767,7,96
768,8,96
769,1,97
770,2,97
771,3,97
772,4,97
773,5,97
774,6,97
775,7,97
776,8,97
777,1,98
778,2,98
779,3,98
780,4,98
781,5,98
782,6,98
783,7,98
784,8,98
785,1,99
786,2,99
787,3,99
788,4,99
789,5,99
790,6,99
791,7,99
792,8,99
793,1,100
794,2,100
795,3,100
796,4,100
797,5,100
798,6,100
799,7,100
800,8,100
801,1,101
802,2,101
803,3,101
804,4,101
805,5,101
806,6,101
807,7,101
808,8,101
809,1,102
810,2,102
811,3,102
812,4,102
813,5,102
814,6,102
815,7,102
816,8,102
817,1,103
818,2,103
819,3,103
820,4,103
821,5,103
822,6,103
823,7,103
824,8,103
825,1,104
826,2,104
827,3,104
828,4,104
829,5,104
830,6,104
831,7,104
832,8,104
833,1,105
834,2,105
835,3,105
836,4,105
837,5,105
838,6,105
839,7,105
840,8,105
841,1,106
842,2,106
843,3,106
844,4,106
845,5,106
846,6,106
847,7,106
848,8,106
849,1,107
850,2,107
851,3,107
852,4,107
853,5,107
854,6,107
855,7,107
856,8,107
857,1,108
858,2,108
859,3,108
860,4,108
861,5,108
862,6,108
863,7,108
864,8,108
865,1,109
866,2,109
867,3,109
868,4,109
869,5,109
870,6,109
871,7,109
872,8,109
873,1,110
874,2,110
875,3,110
876,4,110
877,5,110
878,6,110
879,7,110
880,8,110
881,1,111
882,2,111
883,3,111
884,4,111
885,5,111
886,6,111
887,7,111
888,8,111
889,1,112
890,2,112
891,3,112
892,4,112
893,5,112
894,6,112
895,7,112
896,8,112
897,1,113
898,2,113
899,3,113
900,4,113
901,5,113
902,6,113
903,7,113
904,8,113
905,1,114
906,2,114
907,3,114
908,4,114
909,5,114
910,6,114
911,7,114
912,8,114
913,1,115
914,2,115
915,3,115
916,4,115
917,5,115
918,6,115
919,7,115
920,8,115
921,1,116
922,2,116
923,3,116
924,4,116
925,5,116
926,6,116
927,7,116
928,8,116
929,1,117
930,2,117
931,3,117
932,4,117
933,5,117
934,6,117
935,7,117
936,8,117
937,1,118
938,2,118
939,3,118
940,4,118
941,5,118
942,6,118
943,7,118
944,8,118
945,1,119
946,2,119
947,3,119
948,4,119
949,5,119
950,6,119
951,7,119
952,8,119
953,1,120
954,2,120
955,3,120
956,4,120
957,5,120
958,6,120
959,7,120
960,8,120
961,1,121
962,2,121
963,3,121
964,4,121
965,5,121
966,6,121
967,7,121
968,8,121
969,1,122
970,2,122
971,3,122
972,4,122
973,5,122
974,6,122
975,7,122
976,8,122
977,1,123
978,2,123
979,3,123
980,4,123
981,5,123
982,6,123
983,7,123
984,8,123
985,1,124
986,2,124
987,3,124
988,4,124
989,5,124
990,6,124
991,7,124
992,8,124
993,1,125
994,2,125
995,3,125
996,4,125
997,5,125
998,6,125
999,7,125
1000,8,125
1001,1,126
1002,2,126
1003,3,126
1004,4,126
1005,5,126
1006,6,126
1007,7,126
1008,8,126
1009,1,127
1010,2,127
1011,3,127
1012,4,127
1013,5,127
1014,6,127
1015,7,127
1016,8,127
1017,1,128
1018,2,128
1019,3,128
1020,4,128
1021,5,128
1022,6,128
1023,7,128
1024,8,128
1025,1,129
1026,2,129
1027,3,129
1028,4,129
1029,5,129
1030,6,129
1031,7,129
1032,8,129
1033,1,130
1034,2,130
1035,3,130
1036,4,130
1037,5,130
1038,6,130
1039,7,130
1040,8,130
1041,1,131
1042,2,131
1043,3,131
1044,4,131
1045,5,131
1046,6,131
1047,7,131
1048,8,131
1049,1,132
1050,2,132
1051,3,132
1052,4,132
1053,5,132
1054,6,132
1055,7,132
1056,8,132
1057,1,133
1058,2,133
1059,3,133
1060,4,133
1061,5,133
1062,6,133
1063,7,133
1064,8,133
1065,1,134
1066,2,134
1067,3,134
1068,4,134
1069,5,134
1070,6,134
1071,7,134
1072,8,134
1073,1,135
1074,2,135
1075,3,135
1076,4,135
1077,5,135
1078,6,135
1079,7,135
1080,8,135
1081,1,136
1082,2,136
1083,3,136
1084,4,136
1085,5,136
1086,6,136
1087,7,136
1088,8,136
1089,1,137
1090,2,137
1091,3,137
1092,4,137
1093,5,137
1094,6,137
1095,7,137
1096,8,137
1097,1,138
1098,2,138
1099,3,138
1100,4,138
1101,5,138
1102,6,138
1103,7,138
1104,8,138
1105,1,139
1106,2,139
1107,3,139
1108,4,139
1109,5,139
1110,6,139
1111,7,139
1112,8,139
1113,1,140
1114,2,140
1115,3,140
1116,4,140
1117,5,140
1118,6,140
1119,7,140
1120,8,140
1121,1,141
1122,2,141
1123,3,141
1124,4,141
1125,5,141
1126,6,141
1127,7,141
1128,8,141
1129,1,142
1130,2,142
1131,3,142
1132,4,142
1133,5,142
1134,6,142
1135,7,142
1136,8,142
1137,1,143
1138,2,143
1139,3,143
1140,4,143
1141,5,143
1142,6,143
1143,7,143
1144,8,143
1145,1,144
1146,2,144
1147,3,144
1148,4,144
1149,5,144
1150,6,144
1151,7,144
1152,8,144
1153,1,145
1154,2,145
1155,3,145
1156,4,145
1157,5,145
1158,6,145
1159,7,145
1160,8,145
1161,1,146
1162,2,146
1163,3,146
1164,4,146
1165,5,146
1166,6,146
1167,7,146
1168,8,146
1169,1,147
1170,2,147
1171,3,147
1172,4,147
1173,5,147
1174,6,147
1175,7,147
1176,8,147
1177,1,148
1178,2,148
1179,3,148
1180,4,148
1181,5,148
1182,6,148
1183,7,148
1184,8,148
1185,1,149
1186,2,149
1187,3,149
1188,4,149
1189,5,149
1190,6,149
1191,7,149
1192,8,149
1193,1,150
1194,2,150
1195,3,150
1196,4,150
1197,5,150
1198,6,150
1199,7,150
1200,8,150
1201,1,151
1202,2,151
1203,3,151
1204,4,151
1205,5,151
1206,6,151
1207,7,151
1208,8,151
1209,1,152
1210,2,152
1211,3,152
1212,4,152
1213,5,152
1214,6,152
1215,7,152
1216,8,152
1217,1,153
1218,2,153
1219,3,153
1220,4,153
1221,5,153
1222,6,153
1223,7,153
1224,8,153
1225,1,154
1226,2,154
1227,3,154
1228,4,154
1229,5,154
1230,6,154
1231,7,154
1232,8,154
1233,1,155
1234,2,155
1235,3,155
1236,4,155
1237,5,155
1238,6,155
1239,7,155
1240,8,155
1241,1,156
1242,2,156
1243,3,156
1244,4,156
1245,5,156
1246,6,156
1247,7,156
1248,8,156
1249,1,157
1250,2,157
1251,3,157
1252,4,157
1253,5,157
1254,6,157
1255,7,157
1256,8,157
1257,1,158
1258,2,158
1259,3,158
1260,4,158
1261,5,158
1262,6,158
1263,7,158
1264,8,158
1265,1,159
1266,2,159
1267,3,159
1268,4,159
1269,5,159
1270,6,159
1271,7,159
1272,8,159
1273,1,160
1274,2,160
1275,3,160
1276,4,160
1277,5,160
1278,6,160
1279,7,160
1280,8,160
1281,1,161
1282,2,161
1283,3,161
1284,4,161
1285,5,161
1286,6,161
1287,7,161
1288,8,161
1289,1,162
1290,2,162
1291,3,162
1292,4,162
1293,5,162
1294,6,162
1295,7,162
1296,8,162
1297,1,163
1298,2,163
1299,3,163
1300,4,163
1301,5,163
1302,6,163
1303,7,163
1304,8,163
1305,1,164
1306,2,164
1307,3,164
1308,4,164
1309,5,164
1310,6,164
1311,7,164
1312,8,164
1313,1,165
1314,2,165
1315,3,165
1316,4,165
1317,5,165
1318,6,165
1319,7,165
1320,8,165
1321,1,166
1322,2,166
1323,3,166
1324,4,166
1325,5,166
1326,6,166
1327,7,166
1328,8,166
1329,1,167
1330,2,167
1331,3,167
1332,4,167
1333,5,167
1334,6,167
1335,7,167
1336,8,167
1337,1,168
1338,2,168
1339,3,168
1340,4,168
1341,5,168
1342,6,168
1343,7,168
1344,8,168
1345,1,169
1346,2,169
1347,3,169
1348,4,169
1349,5,169
1350,6,169
1351,7,169
1352,8,169
1353,1,170
1354,2,170
1355,3,170
1356,4,170
1357,5,170
1358,6,170
1359,7,170
1360,8,170
1361,1,171
1362,2,171
1363,3,171
1364,4,171
1365,5,171
1366,6,171
1367,7,171
1368,8,171
1369,1,172
1370,2,172
1371,3,172
1372,4,172
1373,5,172
1374,6,172
1375,7,172
1376,8,172
1377,1,173
1378,2,173
1379,3,173
1380,4,173
1381,5,173
1382,6,173
1383,7,173
1384,8,173
1385,1,174
1386,2,174
1387,3,174
1388,4,174
1389,5,174
1390,6,174
1391,7,174
1392,8,174
1393,1,175
1394,2,175
1395,3,175
1396,4,175
1397,5,175
1398,6,175
1399,7,175
1400,8,175
1401,1,176
1402,2,176
1403,3,176
1404,4,176
1405,5,176
1406,6,176
1407,7,176
1408,8,176
1409,1,177
1410,2,177
1411,3,177
1412,4,177
1413,5,177
1414,6,177
1415,7,177
1416,8,177
1417,1,178
1418,2,178
1419,3,178
1420,4,178
1421,5,178
1422,6,178
1423,7,178
1424,8,178
1425,1,179
1426,2,179
1427,3,179
1428,4,179
1429,5,179
1430,6,179
1431,7,179
1432,8,179
1433,1,180
1434,2,180
1435,3,180
1436,4,180
1437,5,180
1438,6,180
1439,7,180
1440,8,180
1441,1,181
1442,2,181
1443,3,181
1444,4,181
1445,5,181
1446,6,181
1447,7,181
1448,8,181
1449,1,182
1450,2,182
1451,3,182
1452,4,182
1453,5,182
1454,6,182
1455,7,182
1456,8,182
1457,1,183
1458,2,183
1459,3,183
1460,4,183
1461,5,183
1462,6,183
1463,7,183
1464,8,183
1465,1,184
1466,2,184
1467,3,184
1468,4,184
1469,5,184
1470,6,184
1471,7,184
1472,8,184
1473,1,185
1474,2,185
1475,3,185
1476,4,185
1477,5,185
1478,6,185
1479,7,185
1480,8,185
1481,1,186
1482,2,186
1483,3,186
1484,4,186
1485,5,186
1486,6,186
1487,7,186
1488,8,186
1489,1,187
1490,2,187
1491,3,187
1492,4,187
1493,5,187
1494,6,187
1495,7,187
1496,8,187
1497,1,188
1498,2,188
1499,3,188
1500,4,188
1501,5,188
1502,6,188
1503,7,188
1504,8,188
1505,1,189
1506,2,189
1507,3,189
1508,4,189
1509,5,189
1510,6,189
1511,7,189
1512,8,189
1513,1,190
1514,2,190
1515,3,190
1516,4,190
1517,5,190
1518,6,190
1519,7,190
1520,8,190
1521,1,191
1522,2,191
1523,3,191
1524,4,191
1525,5,191
1526,6,191
1527,7,191
1528,8,191
1529,1,192
1530,2,192
1531,3,192
1532,4,192
1533,5,192
1534,6,192
1535,7,192
1536,8,192
1537,1,193
1538,2,193
1539,3,193
1540,4,193
1541,5,193
1542,6,193
1543,7,193
1544,8,193
1545,1,194
1546,2,194
1547,3,194
1548,4,194
1549,5,194
1550,6,194
1551,7,194
1552,8,194
1553,1,195
1554,2,195
1555,3,195
1556,4,195
1557,5,195
1558,6,195
1559,7,195
1560,8,195
1561,1,196
1562,2,196
1563,3,196
1564,4,196
1565,5,196
1566,6,196
1567,7,196
1568,8,196
1569,1,197
1570,2,197
1571,3,197
1572,4,197
1573,5,197
1574,6,197
1575,7,197
1576,8,197
1577,1,198
1578,2,198
1579,3,198
1580,4,198
1581,5,198
1582,6,198
1583,7,198
1584,8,198
1585,1,199
1586,2,199
1587,3,199
1588,4,199
1589,5,199
1590,6,199
1591,7,199
1592,8,199
1593,1,200
1594,2,200
1595,3,200
1596,4,200
1597,5,200
1598,6,200
1599,7,200
1600,8,200
1601,1,201
1602,2,201
1603,3,201
1604,4,201
1605,5,201
1606,6,201
1607,7,201
1608,8,201
1609,1,202
1610,2,202
1611,3,202
1612,4,202
1613,5,202
1614,6,202
1615,7,202
1616,8,202
1617,1,203
1618,2,203
1619,3,203
1620,4,203
1621,5,203
1622,6,203
1623,7,203
1624,8,203
1625,1,204
1626,2,204
1627,3,204
1628,4,204
1629,5,204
1630,6,204
1631,7,204
1632,8,204
1633,1,205
1634,2,205
1635,3,205
1636,4,205
1637,5,205
1638,6,205
1639,7,205
1640,8,205
1641,1,206
1642,2,206
1643,3,206
1644,4,206
1645,5,206
1646,6,206
1647,7,206
1648,8,206
1649,1,207
1650,2,207
1651,3,207
1652,4,207
1653,5,207
1654,6,207
1655,7,207
1656,8,207
1657,1,208
1658,2,208
1659,3,208
1660,4,208
1661,5,208
1662,6,208
1663,7,208
1664,8,208
1665,1,209
1666,2,209
1667,3,209
1668,4,209
1669,5,209
1670,6,209
1671,7,209
1672,8,209
1673,1,210
1674,2,210
1675,3,210
1676,4,210
1677,5,210
1678,6,210
1679,7,210
1680,8,210
1681,1,211
1682,2,211
1683,3,211
1684,4,211
1685,5,211
1686,6,211
1687,7,211
1688,8,211
1689,1,212
1690,2,212
1691,3,212
1692,4,212
1693,5,212
1694,6,212
1695,7,212
1696,8,212
1697,1,213
1698,2,213
1699,3,213
1700,4,213
1701,5,213
1702,6,213
1703,7,213
1704,8,213
1705,1,214
1706,2,214
1707,3,214
1708,4,214
1709,5,214
1710,6,214
1711,7,214
1712,8,214
1713,1,215
1714,2,215
1715,3,215
1716,4,215
1717,5,215
1718,6,215
1719,7,215
1720,8,215
1721,1,216
1722,2,216
1723,3,216
1724,4,216
1725,5,216
1726,6,216
1727,7,216
1728,8,216
1729,1,217
1730,2,217
1731,3,217
1732,4,217
1733,5,217
1734,6,217
1735,7,217
1736,8,217
1737,1,218
1738,2,218
1739,3,218
1740,4,218
1741,5,218
1742,6,218
1743,7,218
1744,8,218
1745,1,219
1746,2,219
1747,3,219
1748,4,219
1749,5,219
1750,6,219
1751,7,219
1752,8,219
1753,1,220
1754,2,220
1755,3,220
1756,4,220
1757,5,220
1758,6,220
1759,7,220
1760,8,220
1761,1,221
1762,2,221
1763,3,221
1764,4,221
1765,5,221
1766,6,221
1767,7,221
1768,8,221
1769,1,222
1770,2,222
1771,3,222
1772,4,222
1773,5,222
1774,6,222
1775,7,222
1776,8,222
1777,1,223
1778,2,223
1779,3,223
1780,4,223
1781,5,223
1782,6,223
1783,7,223
1784,8,223
1785,1,224
1786,2,224
1787,3,224
1788,4,224
1789,5,224
1790,6,224
1791,7,224
1792,8,224
1793,1,225
1794,2,225
1795,3,225
1796,4,225
1797,5,225
1798,6,225
1799,7,225
1800,8,225
1801,1,226
1802,2,226
1803,3,226
1804,4,226
1805,5,226
1806,6,226
1807,7,226
1808,8,226
1809,1,227
1810,2,227
1811,3,227
1812,4,227
1813,5,227
1814,6,227
1815,7,227
1816,8,227
1817,1,228
1818,2,228
1819,3,228
1820,4,228
1821,5,228
1822,6,228
1823,7,228
1824,8,228
1825,1,229
1826,2,229
1827,3,229
1828,4,229
1829,5,229
1830,6,229
1831,7,229
1832,8,229
1833,1,230
1834,2,230
1835,3,230
1836,4,230
1837,5,230
1838,6,230
1839,7,230
1840,8,230
1841,1,231
1842,2,231
1843,3,231
1844,4,231
1845,5,231
1846,6,231
1847,7,231
1848,8,231
1849,1,232
1850,2,232
1851,3,232
1852,4,232
1853,5,232
1854,6,232
1855,7,232
1856,8,232
1857,1,233
1858,2,233
1859,3,233
1860,4,233
1861,5,233
1862,6,233
1863,7,233
1864,8,233
1865,1,234
1866,2,234
1867,3,234
1868,4,234
1869,5,234
1870,6,234
1871,7,234
1872,8,234
1873,1,235
1874,2,235
1875,3,235
1876,4,235
1877,5,235
1878,6,235
1879,7,235
1880,8,235
1881,1,236
1882,2,236
1883,3,236
1884,4,236
1885,5,236
1886,6,236
1887,7,236
1888,8,236
1889,1,237
1890,2,237
1891,3,237
1892,4,237
1893,5,237
1894,6,237
1895,7,237
1896,8,237
1897,1,238
1898,2,238
1899,3,238
1900,4,238
1901,5,238
1902,6,238
1903,7,238
1904,8,238
1905,1,239
1906,2,239
1907,3,239
1908,4,239
1909,5,239
1910,6,239
1911,7,239
1912,8,239
1913,1,240
1914,2,240
1915,3,240
1916,4,240
1917,5,240
1918,6,240
1919,7,240
1920,8,240
1921,1,241
1922,2,241
1923,3,241
1924,4,241
1925,5,241
1926,6,241
1927,7,241
1928,8,241
1929,1,242
1930,2,242
1931,3,242
1932,4,242
1933,5,242
1934,6,242
1935,7,242
1936,8,242
1937,1,243
1938,2,243
1939,3,243
1940,4,243
1941,5,243
1942,6,243
1943,7,243
1944,8,243
1945,1,244
1946,2,244
1947,3,244
1948,4,244
1949,5,244
1950,6,244
1951,7,244
1952,8,244
1953,1,245
1954,2,245
1955,3,245
1956,4,245
1957,5,245
1958,6,245
1959,7,245
1960,8,245
1961,1,246
1962,2,246
1963,3,246
1964,4,246
1965,5,246
1966,6,246
1967,7,246
1968,8,246
1969,1,247
1970,2,247
1971,3,247
1972,4,247
1973,5,247
1974,6,247
1975,7,247
1976,8,247
1977,1,248
1978,2,248
1979,3,248
1980,4,248
1981,5,248
1982,6,248
1983,7,248
1984,8,248
1985,1,249
1986,2,249
1987,3,249
1988,4,249
1989,5,249
1990,6,249
1991,7,249
1992,8,249
1993,1,250
1994,2,250
1995,3,250
1996,4,250
1997,5,250
1998,6,250
1999,7,250
2000,8,250
2001,1,251
2002,2,251
2003,3,251
2004,4,251
2005,5,251
2006,6,251
2007,7,251
2008,8,251
2009,1,252
2010,2,252
2011,3,252
2012,4,252
2013,5,252
2014,6,252
2015,7,252
2016,8,252
2017,1,253
2018,2,253
2019,3,253
2020,4,253
2021,5,253
2022,6,253
2023,7,253
2024,8,253
2025,1,254
2026,2,254
2027,3,254
2028,4,254
2029,5,254
2030,6,254
2031,7,254
2032,8,254
2033,1,255
2034,2,255
2035,3,255
2036,4,255
2037,5,255
2038,6,255
2039,7,255
2040,8,255
2041,1,256
2042,2,256
2043,3,256
2044,4,256
2045,5,256
2046,6,256
2047,7,256
2048,8,256
2049,1,257
2050,2,257
2051,3,257
2052,4,257
2053,5,257
2054,6,257
2055,7,257
2056,8,257
2057,1,258
2058,2,258
2059,3,258
2060,4,258
2061,5,258
2062,6,258
2063,7,258
2064,8,258
2065,1,259
2066,2,259
2067,3,259
2068,4,259
2069,5,259
2070,6,259
2071,7,259
2072,8,259
2073,1,260
2074,2,260
2075,3,260
2076,4,260
2077,5,260
2078,6,260
2079,7,260
2080,8,260
2081,1,261
2082,2,261
2083,3,261
2084,4,261
2085,5,261
2086,6,261
2087,7,261
2088,8,261
2089,1,262
2090,2,262
2091,3,262
2092,4,262
2093,5,262
2094,6,262
2095,7,262
2096,8,262
2097,1,263
2098,2,263
2099,3,263
2100,4,263
2101,5,263
2102,6,263
2103,7,263
2104,8,263
2105,1,264
2106,2,264
2107,3,264
2108,4,264
2109,5,264
2110,6,264
2111,7,264
2112,8,264
2113,1,265
2114,2,265
2115,3,265
2116,4,265
2117,5,265
2118,6,265
2119,7,265
2120,8,265
2121,1,266
2122,2,266
2123,3,266
2124,4,266
2125,5,266
2126,6,266
2127,7,266
2128,8,266
2129,1,267
2130,2,267
2131,3,267
2132,4,267
2133,5,267
2134,6,267
2135,7,267
2136,8,267
2137,1,268
2138,2,268
2139,3,268
2140,4,268
2141,5,268
2142,6,268
2143,7,268
2144,8,268
2145,1,269
2146,2,269
2147,3,269
2148,4,269
2149,5,269
2150,6,269
2151,7,269
2152,8,269
2153,1,270
2154,2,270
2155,3,270
2156,4,270
2157,5,270
2158,6,270
2159,7,270
2160,8,270
2161,1,271
2162,2,271
2163,3,271
2164,4,271
2165,5,271
2166,6,271
2167,7,271
2168,8,271
2169,1,272
2170,2,272
2171,3,272
2172,4,272
2173,5,272
2174,6,272
2175,7,272
2176,8,272
2177,1,273
2178,2,273
2179,3,273
2180,4,273
2181,5,273
2182,6,273
2183,7,273
2184,8,273
2185,1,274
2186,2,274
2187,3,274
2188,4,274
2189,5,274
2190,6,274
2191,7,274
2192,8,274
2193,1,275
2194,2,275
2195,3,275
2196,4,275
2197,5,275
2198,6,275
2199,7,275
2200,8,275
2201,1,276
2202,2,276
2203,3,276
2204,4,276
2205,5,276
2206,6,276
2207,7,276
2208,8,276
2209,1,277
2210,2,277
2211,3,277
2212,4,277
2213,5,277
2214,6,277
2215,7,277
2216,8,277
2217,1,278
2218,2,278
2219,3,278
2220,4,278
2221,5,278
2222,6,278
2223,7,278
2224,8,278
2225,1,279
2226,2,279
2227,3,279
2228,4,279
2229,5,279
2230,6,279
2231,7,279
2232,8,279
2233,1,280
2234,2,280
2235,3,280
2236,4,280
2237,5,280
2238,6,280
2239,7,280
2240,8,280
2241,1,281
2242,2,281
2243,3,281
2244,4,281
2245,5,281
2246,6,281
2247,7,281
2248,8,281
2249,1,282
2250,2,282
2251,3,282
2252,4,282
2253,5,282
2254,6,282
2255,7,282
2256,8,282
2257,1,283
2258,2,283
2259,3,283
2260,4,283
2261,5,283
2262,6,283
2263,7,283
2264,8,283
2265,1,284
2266,2,284
2267,3,284
2268,4,284
2269,5,284
2270,6,284
2271,7,284
2272,8,284
2273,1,285
2274,2,285
2275,3,285
2276,4,285
2277,5,285
2278,6,285
2279,7,285
2280,8,285
2281,1,286
2282,2,286
2283,3,286
2284,4,286
2285,5,286
2286,6,286
2287,7,286
2288,8,286
2289,1,287
2290,2,287
2291,3,287
2292,4,287
2293,5,287
2294,6,287
2295,7,287
2296,8,287
2297,1,288
2298,2,288
2299,3,288
2300,4,288
2301,5,288
2302,6,288
2303,7,288
2304,8,288
2305,1,289
2306,2,289
2307,3,289
2308,4,289
2309,5,289
2310,6,289
2311,7,289
2312,8,289
2313,1,290
2314,2,290
2315,3,290
2316,4,290
2317,5,290
2318,6,290
2319,7,290
2320,8,290
2321,1,291
2322,2,291
2323,3,291
2324,4,291
2325,5,291
2326,6,291
2327,7,291
2328,8,291
2329,1,292
2330,2,292
2331,3,292
2332,4,292
2333,5,292
2334,6,292
2335,7,292
2336,8,292
2337,1,293
2338,2,293
2339,3,293
2340,4,293
2341,5,293
2342,6,293
2343,7,293
2344,8,293
2345,1,294
2346,2,294
2347,3,294
2348,4,294
2349,5,294
2350,6,294
2351,7,294
2352,8,294
2353,1,295
2354,2,295
2355,3,295
2356,4,295
2357,5,295
2358,6,295
2359,7,295
2360,8,295
2361,1,296
2362,2,296
2363,3,296
2364,4,296
2365,5,296
2366,6,296
2367,7,296
2368,8,296
2369,1,297
2370,2,297
2371,3,297
2372,4,297
2373,5,297
2374,6,297
2375,7,297
2376,8,297
2377,1,298
2378,2,298
2379,3,298
2380,4,298
2381,5,298
2382,6,298
2383,7,298
2384,8,298
2385,1,299
2386,2,299
2387,3,299
2388,4,299
2389,5,299
2390,6,299
2391,7,299
2392,8,299
2393,1,300
2394,2,300
2395,3,300
2396,4,300
2397,5,300
2398,6,300
2399,7,300
2400,8,300
2401,1,301
2402,2,301
2403,3,301
2404,4,301
2405,5,301
2406,6,301
2407,7,301
2408,8,301
2409,1,302
2410,2,302
2411,3,302
2412,4,302
2413,5,302
2414,6,302
2415,7,302
2416,8,302
2417,1,303
2418,2,303
2419,3,303
2420,4,303
2421,5,303
2422,6,303
2423,7,303
2424,8,303
2425,1,304
2426,2,304
2427,3,304
2428,4,304
2429,5,304
2430,6,304
2431,7,304
2432,8,304
2433,1,305
2434,2,305
2435,3,305
2436,4,305
2437,5,305
2438,6,305
2439,7,305
2440,8,305
2441,1,306
2442,2,306
2443,3,306
2444,4,306
2445,5,306
2446,6,306
2447,7,306
2448,8,306
2449,1,307
2450,2,307
2451,3,307
2452,4,307
2453,5,307
2454,6,307
2455,7,307
2456,8,307
2457,1,308
2458,2,308
2459,3,308
2460,4,308
2461,5,308
2462,6,308
2463,7,308
2464,8,308
2465,1,309
2466,2,309
2467,3,309
2468,4,309
2469,5,309
2470,6,309
2471,7,309
2472,8,309
2473,1,310
2474,2,310
2475,3,310
2476,4,310
2477,5,310
2478,6,310
2479,7,310
2480,8,310
2481,1,311
2482,2,311
2483,3,311
2484,4,311
2485,5,311
2486,6,311
2487,7,311
2488,8,311
2489,1,312
2490,2,312
2491,3,312
2492,4,312
2493,5,312
2494,6,312
2495,7,312
2496,8,312
2497,1,313
2498,2,313
2499,3,313
2500,4,313
2501,5,313
2502,6,313
2503,7,313
2504,8,313
2505,1,314
2506,2,314
2507,3,314
2508,4,314
2509,5,314
2510,6,314
2511,7,314
2512,8,314
2513,1,315
2514,2,315
2515,3,315
2516,4,315
2517,5,315
2518,6,315
2519,7,315
2520,8,315
2521,1,316
2522,2,316
2523,3,316
2524,4,316
2525,5,316
2526,6,316
2527,7,316
2528,8,316
2529,1,317
2530,2,317
2531,3,317
2532,4,317
2533,5,317
2534,6,317
2535,7,317
2536,8,317
2537,1,318
2538,2,318
2539,3,318
2540,4,318
2541,5,318
2542,6,318
2543,7,318
2544,8,318
2545,1,319
2546,2,319
2547,3,319
2548,4,319
2549,5,319
2550,6,319
2551,7,319
2552,8,319
2553,1,320
2554,2,320
2555,3,320
2556,4,320
2557,5,320
2558,6,320
2559,7,320
2560,8,320
2561,1,321
2562,2,321
2563,3,321
2564,4,321
2565,5,321
2566,6,321
2567,7,321
2568,8,321
2569,1,322
2570,2,322
2571,3,322
2572,4,322
2573,5,322
2574,6,322
2575,7,322
2576,8,322
2577,1,323
2578,2,323
2579,3,323
2580,4,323
2581,5,323
2582,6,323
2583,7,323
2584,8,323
2585,1,324
2586,2,324
2587,3,324
2588,4,324
2589,5,324
2590,6,324
2591,7,324
2592,8,324
2593,1,325
2594,2,325
2595,3,325
2596,4,325
2597,5,325
2598,6,325
2599,7,325
2600,8,325
2601,1,326
2602,2,326
2603,3,326
2604,4,326
2605,5,326
2606,6,326
2607,7,326
2608,8,326
2609,1,327
2610,2,327
2611,3,327
2612,4,327
2613,5,327
2614,6,327
2615,7,327
2616,8,327
2617,1,328
2618,2,328
2619,3,328
2620,4,328
2621,5,328
2622,6,328
2623,7,328
2624,8,328
2625,1,329
2626,2,329
2627,3,329
2628,4,329
2629,5,329
2630,6,329
2631,7,329
2632,8,329
2633,1,330
2634,2,330
2635,3,330
2636,4,330
2637,5,330
2638,6,330
2639,7,330
2640,8,330
2641,1,331
2642,2,331
2643,3,331
2644,4,331
2645,5,331
2646,6,331
2647,7,331
2648,8,331
2649,1,332
2650,2,332
2651,3,332
2652,4,332
2653,5,332
2654,6,332
2655,7,332
2656,8,332
2657,1,333
2658,2,333
2659,3,333
2660,4,333
2661,5,333
2662,6,333
2663,7,333
2664,8,333
2665,1,334
2666,2,334
2667,3,334
2668,4,334
2669,5,334
2670,6,334
2671,7,334
2672,8,334
2673,1,335
2674,2,335
2675,3,335
2676,4,335
2677,5,335
2678,6,335
2679,7,335
2680,8,335
2681,1,336
2682,2,336
2683,3,336
2684,4,336
2685,5,336
2686,6,336
2687,7,336
2688,8,336
2689,1,337
2690,2,337
2691,3,337
2692,4,337
2693,5,337
2694,6,337
2695,7,337
2696,8,337
2697,1,338
2698,2,338
2699,3,338
2700,4,338
2701,5,338
2702,6,338
2703,7,338
2704,8,338
2705,1,339
2706,2,339
2707,3,339
2708,4,339
2709,5,339
2710,6,339
2711,7,339
2712,8,339
2713,1,340
2714,2,340
2715,3,340
2716,4,340
2717,5,340
2718,6,340
2719,7,340
2720,8,340
2721,1,341
2722,2,341
2723,3,341
2724,4,341
2725,5,341
2726,6,341
2727,7,341
2728,8,341
2729,1,342
2730,2,342
2731,3,342
2732,4,342
2733,5,342
2734,6,342
2735,7,342
2736,8,342
2737,1,343
2738,2,343
2739,3,343
2740,4,343
2741,5,343
2742,6,343
2743,7,343
2744,8,343
2745,1,344
2746,2,344
2747,3,344
2748,4,344
2749,5,344
2750,6,344
2751,7,344
2752,8,344
2753,1,345
2754,2,345
2755,3,345
2756,4,345
2757,5,345
2758,6,345
2759,7,345
2760,8,345
2761,1,346
2762,2,346
2763,3,346
2764,4,346
2765,5,346
2766,6,346
2767,7,346
2768,8,346
2769,1,347
2770,2,347
2771,3,347
2772,4,347
2773,5,347
2774,6,347
2775,7,347
2776,8,347
2777,1,348
2778,2,348
2779,3,348
2780,4,348
2781,5,348
2782,6,348
2783,7,348
2784,8,348
2785,1,349
2786,2,349
2787,3,349
2788,4,349
2789,5,349
2790,6,349
2791,7,349
2792,8,349
2793,1,350
2794,2,350
2795,3,350
2796,4,350
2797,5,350
2798,6,350
2799,7,350
2800,8,350
2801,1,351
2802,2,351
2803,3,351
2804,4,351
2805,5,351
2806,6,351
2807,7,351
2808,8,351
2809,1,352
2810,2,352
2811,3,352
2812,4,352
2813,5,352
2814,6,352
2815,7,352
2816,8,352
2817,1,353
2818,2,353
2819,3,353
2820,4,353
2821,5,353
2822,6,353
2823,7,353
2824,8,353
2825,1,354
2826,2,354
2827,3,354
2828,4,354
2829,5,354
2830,6,354
2831,7,354
2832,8,354
2833,1,355
2834,2,355
2835,3,355
2836,4,355
2837,5,355
2838,6,355
2839,7,355
2840,8,355
2841,1,356
2842,2,356
2843,3,356
2844,4,356
2845,5,356
2846,6,356
2847,7,356
2848,8,356
2849,1,357
2850,2,357
2851,3,357
2852,4,357
2853,5,357
2854,6,357
2855,7,357
2856,8,357
2857,1,358
2858,2,358
2859,3,358
2860,4,358
2861,5,358
2862,6,358
2863,7,358
2864,8,358
2865,1,359
2866,2,359
2867,3,359
2868,4,359
2869,5,359
2870,6,359
2871,7,359
2872,8,359
